{
    "statusCode": 0,
    "data": {
        "statusMessage": "done successfully",
        "cards": [
            {
                "card": {
                    "card": {
                        "@type": "type.googleapis.com/swiggy.presentation.food.v2.Restaurant",
                        "info": {
                            "id": "206927",
                            "name": "A-One Muradabadi Chicken Biryani Corner",
                            "city": "Gurgaon",
                            "slugs": {
                                "restaurant": "a-one-muradabadi-chicken-biryani-corner-cyber-city-cyber-city",
                                "city": "gurgaon"
                            },
                            "uniqueId": "e51e6528-4859-48c8-8fed-e84c17dc2d76",
                            "cloudinaryImageId": "ctoyytjja3pk5uqnjxeh",
                            "locality": "Sankar Chowk",
                            "areaName": "DLF Cyber City",
                            "costForTwo": "35000",
                            "costForTwoMessage": "₹350 for two",
                            "cuisines": [
                                "Mughlai",
                                "Biryani"
                            ],
                            "avgRating": 4.1,
                            "feeDetails": {
                                "restaurantId": "206927",
                                "fees": [
                                    {
                                        "name": "time"
                                    },
                                    {
                                        "name": "distance",
                                        "fee": 2000
                                    },
                                    {
                                        "name": "special"
                                    }
                                ],
                                "totalFee": 2000,
                                "icon": "EquitableDistanceFee/infoIcon",
                                "message": "Far-away restaurant. Additional delivery fees will apply."
                            },
                            "parentId": "34716",
                            "avgRatingString": "4.1",
                            "totalRatingsString": "1K+ ratings",
                            "sla": {
                                "restaurantId": "206927",
                                "lastMileTravel": 859.9,
                                "serviceability": "NON_SERVICEABLE",
                                "rainMode": "RAIN_MODE_NONE",
                                "longDistance": "LONG_DISTANCE_NOT_LONG_DISTANCE",
                                "lastMileTravelString": "859.9 km",
                                "iconType": "ICON_TYPE_EMPTY"
                            },
                            "availability": {
                                "nextCloseTime": "2023-10-28 04:45:00",
                                "visibility": true,
                                "opened": true,
                                "restaurantClosedMeta": {}
                            },
                            "aggregatedDiscountInfo": {
                                "header": "10% off",
                                "shortDescriptionList": [
                                    {
                                        "meta": "10% off | Use PARTY",
                                        "discountType": "Percentage",
                                        "operationType": "RESTAURANT"
                                    },
                                    {
                                        "discountType": "Flat",
                                        "operationType": "RESTAURANT"
                                    }
                                ],
                                "descriptionList": [
                                    {
                                        "meta": "10% off | Use code PARTY",
                                        "discountType": "Percentage",
                                        "operationType": "RESTAURANT"
                                    },
                                    {
                                        "meta": "Flat ₹75 off | Above ₹600",
                                        "discountType": "Flat",
                                        "operationType": "RESTAURANT"
                                    }
                                ],
                                "visible": true
                            },
                            "badges": {},
                            "slugString": "a-one-muradabadi-chicken-biryani-corner-cyber-city-cyber-city",
                            "isOpen": true,
                            "labels": [
                                {
                                    "title": "Timings",
                                    "message": "null"
                                },
                                {
                                    "title": "Address",
                                    "message": "SHOP NO 2 SANKAR CHOWK DLF CYBER CITY Near indusund bank Rapid metro station gurgaon 122010"
                                },
                                {
                                    "title": "Cuisines",
                                    "message": "Mughlai,Biryani"
                                }
                            ],
                            "totalRatings": 1000,
                            "aggregatedDiscountInfoV2": {
                                "header": "10% off",
                                "shortDescriptionList": [
                                    {
                                        "meta": "10% off | Use PARTY",
                                        "discountType": "Percentage",
                                        "operationType": "RESTAURANT"
                                    },
                                    {
                                        "discountType": "Flat",
                                        "operationType": "RESTAURANT"
                                    }
                                ],
                                "descriptionList": [
                                    {
                                        "meta": "10% off | Use code PARTY",
                                        "discountType": "Percentage",
                                        "operationType": "RESTAURANT"
                                    },
                                    {
                                        "meta": "Flat ₹75 off | Above ₹600",
                                        "discountType": "Flat",
                                        "operationType": "RESTAURANT"
                                    }
                                ],
                                "couponDetailsCta": "View coupon details"
                            },
                            "type": "F",
                            "nudgeBanners": [
                                {
                                    "minValue": 385,
                                    "maxValue": 550,
                                    "priority": 1,
                                    "couponCode": "PARTY",
                                    "discountInfo": {
                                        "discountType": "Percentage",
                                        "value": 10
                                    },
                                    "lockedMessage": "Add items worth ₹<amount> to unlock flat 10% off | Code PARTY",
                                    "unlockedMessage": "PARTY Coupon Unlocked! Use it to save flat 10% off",
                                    "logoCtx": {}
                                }
                            ],
                            "headerBanner": {
                                "url": "swiggy://webview?is_external=false&webview_url=https://www.swiggy.com/restaurant-info/206927"
                            },
                            "ratingSlab": "RATING_SLAB_5",
                            "availabilityServiceabilityMessage": "Does not deliver to your location",
                            "orderabilityCommunication": {
                                "title": {
                                    "text": "Wish you were"
                                },
                                "subTitle": {
                                    "text": "CLOSER!"
                                },
                                "message": {
                                    "text": "This location is outside the outlet's delivery area",
                                    "textColour": "negative"
                                },
                                "customIcon": {
                                    "bgGradientColorStart": "#F64C41",
                                    "bgGradientColorEnd": "#E53554"
                                }
                            },
                            "hasBestsellerItems": true,
                            "cartOrderabilityNudgeBanner": {
                                "parameters": {},
                                "presentation": {}
                            },
                            "latLong": "28.49822332,77.08969485"
                        },
                        "analytics": {}
                    },
                    "relevance": {
                        "type": "RELEVANCE_TYPE_CHECK_ORDERABILITY_ON_ITEM_ADD",
                        "sectionId": "POP_UP_CROUTON_MENU"
                    }
                }
            },
            {
                "card": {
                    "card": {
                        "@type": "type.googleapis.com/swiggy.gandalf.widgets.v2.GridWidget",
                        "layout": {
                            "rows": 1,
                            "columns": 4,
                            "horizontalScrollEnabled": true,
                            "itemSpacing": 12,
                            "lineSpacing": 10,
                            "widgetPadding": {},
                            "containerStyle": {
                                "containerPadding": {
                                    "left": 10,
                                    "right": 10,
                                    "bottom": 16
                                }
                            },
                            "scrollBar": {}
                        },
                        "id": "offerCollectionWidget_UX4",
                        "gridElements": {
                            "infoWithStyle": {
                                "@type": "type.googleapis.com/swiggy.presentation.food.v2.OfferInfoWithStyle",
                                "offers": [
                                    {
                                        "info": {
                                            "header": "FLAT 10% OFF",
                                            "offerTag": "FLAT DEAL",
                                            "offerTagColor": "#E46D47",
                                            "offerIds": [
                                                "08d3ad93-6aff-4387-a001-106a54311579"
                                            ],
                                            "expiryTime": "1970-01-01T00:00:00Z",
                                            "couponCode": "USE PARTY",
                                            "description": "ABOVE ₹550",
                                            "offerType": "offers",
                                            "restId": "206927",
                                            "offerLogo": "offers/generic",
                                            "descriptionTextColor": "#7302060C"
                                        },
                                        "cta": {
                                            "type": "OFFER_HALF_CARD"
                                        }
                                    }
                                ],
                                "habitMilestoneInfo": {
                                    "callout": {}
                                }
                            }
                        }
                    }
                }
            },
            {
                "groupedCard": {
                    "cardGroupMap": {
                        "REGULAR": {
                            "cards": [
                                {
                                    "card": {
                                        "card": {
                                            "@type": "type.googleapis.com/swiggy.presentation.food.v2.MenuVegFilterAndBadge",
                                            "badges": {},
                                            "vegOnlyDetails": {
                                                "imageId": "AutoVegOnly_qkjowj",
                                                "title": "Showing only vegetarian options.",
                                                "description": "Tap on the VEG ONLY button to turn off the setting"
                                            },
                                            "topRatedFilter": {}
                                        }
                                    }
                                },
                                {
                                    "card": {
                                        "card": {
                                            "@type": "type.googleapis.com/swiggy.presentation.food.v2.ItemCategory",
                                            "title": "Biryani",
                                            "itemCards": [
                                                {
                                                    "card": {
                                                        "@type": "type.googleapis.com/swiggy.presentation.food.v2.Dish",
                                                        "info": {
                                                            "id": "43427563",
                                                            "name": "Muradabadi Chicken Biryani",
                                                            "category": "Biryani",
                                                            "description": "Richly flavored aromatic rice layered with marinated chicken pieces in a delicate blend of whole spices.",
                                                            "imageId": "uf7yh42fmhgtrrgffpft",
                                                            "inStock": 1,
                                                            "price": 15900,
                                                            "variants": {
                                                                "variantGroups": [
                                                                    {
                                                                        "groupId": "4966970",
                                                                        "name": "Quantity",
                                                                        "variations": [
                                                                            {
                                                                                "name": "Half",
                                                                                "price": 100,
                                                                                "default": 1,
                                                                                "id": "16243089",
                                                                                "inStock": 1,
                                                                                "isEnabled": 1
                                                                            },
                                                                            {
                                                                                "name": "Full",
                                                                                "price": 14100,
                                                                                "id": "16243090",
                                                                                "inStock": 1,
                                                                                "isEnabled": 1
                                                                            }
                                                                        ]
                                                                    }
                                                                ]
                                                            },
                                                            "variantsV2": {},
                                                            "itemAttribute": {
                                                                "vegClassifier": "NONVEG"
                                                            },
                                                            "ribbon": {
                                                                "text": "Bestseller",
                                                                "textColor": "#ffffff",
                                                                "topBackgroundColor": "#d53d4c",
                                                                "bottomBackgroundColor": "#b02331"
                                                            },
                                                            "type": "ITEM",
                                                            "itemBadge": {},
                                                            "badgesV2": {},
                                                            "isBestseller": true,
                                                            "ratings": {
                                                                "aggregatedRating": {
                                                                    "rating": "4.1",
                                                                    "ratingCount": "1575 ratings",
                                                                    "ratingCountV2": "1575"
                                                                }
                                                            }
                                                        },
                                                        "analytics": {},
                                                        "hideRestaurantDetails": true
                                                    }
                                                }
                                            ]
                                        }
                                    }
                                },
                                {
                                    "card": {
                                        "card": {
                                            "@type": "type.googleapis.com/swiggy.presentation.food.v2.RestaurantLicenseInfo",
                                            "type": "FSSAI",
                                            "imageId": "fssai_final_edss9i",
                                            "text": [
                                                "License No. 20819005001383"
                                            ]
                                        }
                                    }
                                },
                                {
                                    "card": {
                                        "card": {
                                            "@type": "type.googleapis.com/swiggy.presentation.food.v2.RestaurantAddress",
                                            "name": "A-One Muradabadi Chicken Biryani Corner",
                                            "area": "DLF Cyber City",
                                            "completeAddress": "SHOP NO 2 SANKAR CHOWK DLF CYBER CITY Near indusund bank Rapid metro station gurgaon 122010"
                                        }
                                    }
                                }
                            ]
                        }
                    }
                }
            }
        ],
        "firstOffsetRequest": true,
        "isQCLink": false
    },
    "tid": "2570e608-97dd-493f-b4ff-cbd6091d051c",
    "sid": "a4ada190-7792-4ec3-a552-522f22edc071",
    "deviceId": "5c06b73d-4c2b-3300-bb80-537e38887a6a",
    "csrfToken": "zhTWeod9WiNn-72jXhXk0eJLUGIyp4-HAoiVya8o"
}