[
    {
        "info": {
            "id": "24412",
            "name": "Domino's Pizza",
            "cloudinaryImageId": "uy1tvlxvvcbnrrbm3gjo",
            "locality": "Sayyad Nagar",
            "areaName": "Hadapsar",
            "costForTwo": "₹400 for two",
            "cuisines": [
                "Pizzas",
                "Italian",
                "Pastas",
                "Desserts"
            ],
            "avgRating": 3.9,
            "feeDetails": {
                "restaurantId": "24412",
                "fees": [
                    {
                        "name": "BASE_DISTANCE",
                        "fee": 4000
                    },
                    {
                        "name": "BASE_TIME"
                    },
                    {
                        "name": "ANCILLARY_SURGE_FEE"
                    }
                ],
                "totalFee": 4000
            },
            "parentId": "2456",
            "avgRatingString": "3.9",
            "totalRatingsString": "10K+",
            "sla": {
                "deliveryTime": 25,
                "serviceability": "SERVICEABLE",
                "slaString": "25 mins",
                "iconType": "ICON_TYPE_EMPTY"
            },
            "availability": {
                "nextCloseTime": "2023-10-26 01:55:00",
                "opened": true
            },
            "badges": {},
            "isOpen": true,
            "type": "F",
            "badgesV2": {
                "entityBadges": {
                    "imageBased": {},
                    "textBased": {},
                    "textExtendedBadges": {}
                }
            },
            "aggregatedDiscountInfoV3": {
                "header": "₹150 OFF",
                "subHeader": "ABOVE ₹299",
                "discountTag": "FLAT DEAL"
            },
            "differentiatedUi": {
                "displayType": "ADS_UI_DISPLAY_TYPE_ENUM_DEFAULT",
                "differentiatedUiMediaDetails": {
                    "mediaType": "ADS_MEDIA_ENUM_IMAGE",
                    "lottie": {},
                    "video": {}
                }
            },
            "reviewsSummary": {},
            "displayType": "RESTAURANT_DISPLAY_TYPE_DEFAULT",
            "restaurantOfferPresentationInfo": {}
        },
        "analytics": {},
        "cta": {
            "link": "https://www.swiggy.com/restaurants/dominos-pizza-sayyad-nagar-hadapsar-pune-24412",
            "type": "WEBLINK"
        }
    }
]