[
    {
        "info": {
            "id": "352813",
            "name": "Grameen Kulfi",
            "cloudinaryImageId": "qov95q6notig4kjbjwn3",
            "locality": "Sasane Nagar",
            "areaName": "Hadapsar",
            "costForTwo": "₹120 for two",
            "cuisines": [
                "Ice Cream",
                "Desserts"
            ],
            "avgRating": 4.6,
            "veg": true,
            "feeDetails": {
                "restaurantId": "352813",
                "fees": [
                    {
                        "name": "BASE_DISTANCE",
                        "fee": 3800
                    },
                    {
                        "name": "BASE_TIME"
                    },
                    {
                        "name": "ANCILLARY_SURGE_FEE"
                    }
                ],
                "totalFee": 3800
            },
            "parentId": "12175",
            "avgRatingString": "4.6",
            "totalRatingsString": "500+",
            "sla": {
                "deliveryTime": 31,
                "lastMileTravel": 2.6,
                "serviceability": "SERVICEABLE",
                "slaString": "31 mins",
                "lastMileTravelString": "2.6 km",
                "iconType": "ICON_TYPE_EMPTY"
            },
            "availability": {
                "nextCloseTime": "2023-10-26 00:00:00",
                "opened": true
            },
            "badges": {},
            "isOpen": true,
            "type": "F",
            "badgesV2": {
                "entityBadges": {
                    "imageBased": {},
                    "textBased": {},
                    "textExtendedBadges": {}
                }
            },
            "aggregatedDiscountInfoV3": {
                "header": "₹150 OFF",
                "subHeader": "ABOVE ₹349",
                "discountTag": "FLAT DEAL"
            },
            "differentiatedUi": {
                "displayType": "ADS_UI_DISPLAY_TYPE_ENUM_DEFAULT",
                "differentiatedUiMediaDetails": {
                    "mediaType": "ADS_MEDIA_ENUM_IMAGE",
                    "lottie": {},
                    "video": {}
                }
            },
            "reviewsSummary": {},
            "displayType": "RESTAURANT_DISPLAY_TYPE_DEFAULT",
            "restaurantOfferPresentationInfo": {}
        },
        "analytics": {},
        "cta": {
            "link": "https://www.swiggy.com/restaurants/grameen-kulfi-sasane-nagar-hadapsar-pune-352813",
            "type": "WEBLINK"
        }
    },
    {
        "info": {
            "id": "69944",
            "name": "NIC Ice Creams",
            "cloudinaryImageId": "c8b98c4064dc2fd6bdf350212e5f0bd5",
            "locality": "Sasane Nagar",
            "areaName": "Hadapsar",
            "costForTwo": "₹120 for two",
            "cuisines": [
                "Ice Cream",
                "Desserts"
            ],
            "avgRating": 4.6,
            "veg": true,
            "feeDetails": {
                "restaurantId": "69944",
                "fees": [
                    {
                        "name": "BASE_DISTANCE",
                        "fee": 3800
                    },
                    {
                        "name": "BASE_TIME"
                    },
                    {
                        "name": "ANCILLARY_SURGE_FEE"
                    }
                ],
                "totalFee": 3800
            },
            "parentId": "6249",
            "avgRatingString": "4.6",
            "totalRatingsString": "10K+",
            "sla": {
                "deliveryTime": 26,
                "lastMileTravel": 2.6,
                "serviceability": "SERVICEABLE",
                "slaString": "26 mins",
                "lastMileTravelString": "2.6 km",
                "iconType": "ICON_TYPE_EMPTY"
            },
            "availability": {
                "nextCloseTime": "2023-10-26 00:00:00",
                "opened": true
            },
            "badges": {},
            "isOpen": true,
            "type": "F",
            "badgesV2": {
                "entityBadges": {
                    "imageBased": {},
                    "textBased": {},
                    "textExtendedBadges": {}
                }
            },
            "aggregatedDiscountInfoV3": {
                "header": "50% OFF",
                "subHeader": "UPTO ₹100"
            },
            "differentiatedUi": {
                "displayType": "ADS_UI_DISPLAY_TYPE_ENUM_DEFAULT",
                "differentiatedUiMediaDetails": {
                    "mediaType": "ADS_MEDIA_ENUM_IMAGE",
                    "lottie": {},
                    "video": {}
                }
            },
            "reviewsSummary": {},
            "displayType": "RESTAURANT_DISPLAY_TYPE_DEFAULT",
            "restaurantOfferPresentationInfo": {}
        },
        "analytics": {},
        "cta": {
            "link": "https://www.swiggy.com/restaurants/nic-ice-creams-sasane-nagar-hadapsar-pune-69944",
            "type": "WEBLINK"
        }
    },
    {
        "info": {
            "id": "500368",
            "name": "Paratha Box - Desi Punjabi Meals",
            "cloudinaryImageId": "bde8bfbd9092b770b4b6fb05232f51e1",
            "locality": "Ramtekdi Industrial Estate",
            "areaName": "Hadapsar",
            "costForTwo": "₹250 for two",
            "cuisines": [
                "North Indian",
                "Punjabi",
                "Indian",
                "Home Food",
                "Beverages"
            ],
            "avgRating": 3.8,
            "feeDetails": {
                "restaurantId": "500368",
                "fees": [
                    {
                        "name": "BASE_DISTANCE",
                        "fee": 4800
                    },
                    {
                        "name": "BASE_TIME"
                    },
                    {
                        "name": "ANCILLARY_SURGE_FEE"
                    }
                ],
                "totalFee": 4800
            },
            "parentId": "306004",
            "avgRatingString": "3.8",
            "totalRatingsString": "50+",
            "sla": {
                "deliveryTime": 32,
                "lastMileTravel": 3.8,
                "serviceability": "SERVICEABLE",
                "slaString": "32 mins",
                "lastMileTravelString": "3.8 km",
                "iconType": "ICON_TYPE_EMPTY"
            },
            "availability": {
                "nextCloseTime": "2023-10-25 23:00:00",
                "opened": true
            },
            "badges": {},
            "isOpen": true,
            "type": "F",
            "badgesV2": {
                "entityBadges": {
                    "imageBased": {},
                    "textBased": {},
                    "textExtendedBadges": {}
                }
            },
            "aggregatedDiscountInfoV3": {
                "header": "₹150 OFF",
                "subHeader": "ABOVE ₹349",
                "discountTag": "FLAT DEAL"
            },
            "differentiatedUi": {
                "displayType": "ADS_UI_DISPLAY_TYPE_ENUM_DEFAULT",
                "differentiatedUiMediaDetails": {
                    "mediaType": "ADS_MEDIA_ENUM_IMAGE",
                    "lottie": {},
                    "video": {}
                }
            },
            "reviewsSummary": {},
            "displayType": "RESTAURANT_DISPLAY_TYPE_DEFAULT",
            "restaurantOfferPresentationInfo": {}
        },
        "analytics": {},
        "cta": {
            "link": "https://www.swiggy.com/restaurants/paratha-box-desi-punjabi-meals-ramtekdi-industrial-estate-hadapsar-pune-500368",
            "type": "WEBLINK"
        }
    },
    {
        "info": {
            "id": "500362",
            "name": "EatFit",
            "cloudinaryImageId": "6126c9b45de2cb222405c1af8a321e74",
            "locality": "Subhash Nagar",
            "areaName": "Hadapsar",
            "costForTwo": "₹270 for two",
            "cuisines": [
                "Chinese",
                "Healthy Food",
                "Tandoor",
                "Pizzas",
                "North Indian",
                "Thalis",
                "Biryani"
            ],
            "avgRating": 4.1,
            "feeDetails": {
                "restaurantId": "500362",
                "fees": [
                    {
                        "name": "BASE_DISTANCE",
                        "fee": 4900
                    },
                    {
                        "name": "BASE_TIME"
                    },
                    {
                        "name": "ANCILLARY_SURGE_FEE"
                    }
                ],
                "totalFee": 4900
            },
            "parentId": "76139",
            "avgRatingString": "4.1",
            "totalRatingsString": "1K+",
            "sla": {
                "deliveryTime": 31,
                "lastMileTravel": 3.8,
                "serviceability": "SERVICEABLE",
                "slaString": "31 mins",
                "lastMileTravelString": "3.8 km",
                "iconType": "ICON_TYPE_EMPTY"
            },
            "availability": {
                "nextCloseTime": "2023-10-25 23:59:00",
                "opened": true
            },
            "badges": {
                "textExtendedBadges": [
                    {
                        "iconId": "guiltfree/GF_Logo_android_3x",
                        "shortDescription": "brand",
                        "fontColor": "#7E808C"
                    }
                ]
            },
            "isOpen": true,
            "type": "F",
            "badgesV2": {
                "entityBadges": {
                    "imageBased": {},
                    "textBased": {},
                    "textExtendedBadges": {
                        "badgeObject": [
                            {
                                "attributes": {
                                    "description": "",
                                    "fontColor": "#7E808C",
                                    "iconId": "guiltfree/GF_Logo_android_3x",
                                    "shortDescription": "brand"
                                }
                            }
                        ]
                    }
                }
            },
            "aggregatedDiscountInfoV3": {
                "header": "20% OFF",
                "subHeader": "ABOVE ₹700",
                "discountTag": "FLAT DEAL"
            },
            "differentiatedUi": {
                "displayType": "ADS_UI_DISPLAY_TYPE_ENUM_DEFAULT",
                "differentiatedUiMediaDetails": {
                    "mediaType": "ADS_MEDIA_ENUM_IMAGE",
                    "lottie": {},
                    "video": {}
                }
            },
            "reviewsSummary": {},
            "displayType": "RESTAURANT_DISPLAY_TYPE_DEFAULT",
            "restaurantOfferPresentationInfo": {}
        },
        "analytics": {},
        "cta": {
            "link": "https://www.swiggy.com/restaurants/eatfit-subhash-nagar-hadapsar-pune-500362",
            "type": "WEBLINK"
        }
    },
    {
        "info": {
            "id": "29943",
            "name": "Punjabi Grill",
            "cloudinaryImageId": "bfh1ra3zz1fqa8rnszpl",
            "locality": "Hadapsar",
            "areaName": "Hadapsar",
            "costForTwo": "₹500 for two",
            "cuisines": [
                "North Indian",
                "Indian"
            ],
            "avgRating": 3.9,
            "veg": true,
            "feeDetails": {
                "restaurantId": "29943",
                "fees": [
                    {
                        "name": "BASE_DISTANCE",
                        "fee": 4800
                    },
                    {
                        "name": "BASE_TIME"
                    },
                    {
                        "name": "ANCILLARY_SURGE_FEE"
                    }
                ],
                "totalFee": 4800
            },
            "parentId": "2867",
            "avgRatingString": "3.9",
            "totalRatingsString": "5K+",
            "sla": {
                "deliveryTime": 53,
                "lastMileTravel": 3.5,
                "serviceability": "SERVICEABLE",
                "slaString": "53 mins",
                "lastMileTravelString": "3.5 km",
                "iconType": "ICON_TYPE_EMPTY"
            },
            "availability": {
                "nextCloseTime": "2023-10-25 23:00:00",
                "opened": true
            },
            "badges": {
                "imageBadges": [
                    {
                        "imageId": "v1695133679/badges/Pure_Veg111.png",
                        "description": "pureveg"
                    }
                ]
            },
            "isOpen": true,
            "type": "F",
            "badgesV2": {
                "entityBadges": {
                    "imageBased": {
                        "badgeObject": [
                            {
                                "attributes": {
                                    "description": "pureveg",
                                    "imageId": "v1695133679/badges/Pure_Veg111.png"
                                }
                            }
                        ]
                    },
                    "textBased": {},
                    "textExtendedBadges": {}
                }
            },
            "aggregatedDiscountInfoV3": {
                "header": "₹150 OFF",
                "subHeader": "ABOVE ₹349",
                "discountTag": "FLAT DEAL"
            },
            "differentiatedUi": {
                "displayType": "ADS_UI_DISPLAY_TYPE_ENUM_DEFAULT",
                "differentiatedUiMediaDetails": {
                    "mediaType": "ADS_MEDIA_ENUM_IMAGE",
                    "lottie": {},
                    "video": {}
                }
            },
            "reviewsSummary": {},
            "displayType": "RESTAURANT_DISPLAY_TYPE_DEFAULT",
            "restaurantOfferPresentationInfo": {}
        },
        "analytics": {},
        "cta": {
            "link": "https://www.swiggy.com/restaurants/punjabi-grill-hadapsar-pune-29943",
            "type": "WEBLINK"
        }
    },
    {
        "info": {
            "id": "39939",
            "name": "Rolls Mania",
            "cloudinaryImageId": "qmjs8ivpylckpupdxdch",
            "locality": "Solapur Road",
            "areaName": "Hadapsar",
            "costForTwo": "₹200 for two",
            "cuisines": [
                "Fast Food",
                "Snacks"
            ],
            "avgRating": 4.2,
            "feeDetails": {
                "restaurantId": "39939",
                "fees": [
                    {
                        "name": "BASE_DISTANCE",
                        "fee": 4800
                    },
                    {
                        "name": "BASE_TIME"
                    },
                    {
                        "name": "ANCILLARY_SURGE_FEE"
                    }
                ],
                "totalFee": 4800
            },
            "parentId": "171118",
            "avgRatingString": "4.2",
            "totalRatingsString": "5K+",
            "sla": {
                "deliveryTime": 50,
                "lastMileTravel": 4.3,
                "serviceability": "SERVICEABLE",
                "slaString": "50 mins",
                "lastMileTravelString": "4.3 km",
                "iconType": "ICON_TYPE_EMPTY"
            },
            "availability": {
                "nextCloseTime": "2023-10-25 22:59:00",
                "opened": true
            },
            "badges": {},
            "isOpen": true,
            "type": "F",
            "badgesV2": {
                "entityBadges": {
                    "imageBased": {},
                    "textBased": {},
                    "textExtendedBadges": {}
                }
            },
            "aggregatedDiscountInfoV3": {
                "header": "₹150 OFF",
                "subHeader": "ABOVE ₹349",
                "discountTag": "FLAT DEAL"
            },
            "differentiatedUi": {
                "displayType": "ADS_UI_DISPLAY_TYPE_ENUM_DEFAULT",
                "differentiatedUiMediaDetails": {
                    "mediaType": "ADS_MEDIA_ENUM_IMAGE",
                    "lottie": {},
                    "video": {}
                }
            },
            "reviewsSummary": {},
            "displayType": "RESTAURANT_DISPLAY_TYPE_DEFAULT",
            "restaurantOfferPresentationInfo": {}
        },
        "analytics": {},
        "cta": {
            "link": "https://www.swiggy.com/restaurants/rolls-mania-solapur-road-hadapsar-pune-39939",
            "type": "WEBLINK"
        }
    },
    {
        "info": {
            "id": "432487",
            "name": "NOTO - Ice Creams & Desserts",
            "cloudinaryImageId": "544f9e6dce1efb7054e4ac5d98aba049",
            "locality": "Amanora Mall",
            "areaName": "Hadapsar",
            "costForTwo": "₹250 for two",
            "cuisines": [
                "Ice Cream"
            ],
            "avgRating": 4.3,
            "veg": true,
            "feeDetails": {
                "restaurantId": "432487",
                "fees": [
                    {
                        "name": "BASE_DISTANCE",
                        "fee": 4800
                    },
                    {
                        "name": "BASE_TIME"
                    },
                    {
                        "name": "ANCILLARY_SURGE_FEE"
                    }
                ],
                "totalFee": 4800
            },
            "parentId": "7158",
            "avgRatingString": "4.3",
            "totalRatingsString": "100+",
            "sla": {
                "deliveryTime": 44,
                "lastMileTravel": 4.6,
                "serviceability": "SERVICEABLE",
                "slaString": "44 mins",
                "lastMileTravelString": "4.6 km",
                "iconType": "ICON_TYPE_EMPTY"
            },
            "availability": {
                "nextCloseTime": "2023-10-26 00:30:00",
                "opened": true
            },
            "badges": {
                "textExtendedBadges": [
                    {
                        "iconId": "guiltfree/GF_Logo_android_3x",
                        "shortDescription": "brand",
                        "fontColor": "#7E808C"
                    }
                ]
            },
            "isOpen": true,
            "type": "F",
            "badgesV2": {
                "entityBadges": {
                    "imageBased": {},
                    "textBased": {},
                    "textExtendedBadges": {
                        "badgeObject": [
                            {
                                "attributes": {
                                    "description": "",
                                    "fontColor": "#7E808C",
                                    "iconId": "guiltfree/GF_Logo_android_3x",
                                    "shortDescription": "brand"
                                }
                            }
                        ]
                    }
                }
            },
            "aggregatedDiscountInfoV3": {
                "header": "15% OFF",
                "subHeader": "ABOVE ₹800",
                "discountTag": "FLAT DEAL"
            },
            "differentiatedUi": {
                "displayType": "ADS_UI_DISPLAY_TYPE_ENUM_DEFAULT",
                "differentiatedUiMediaDetails": {
                    "mediaType": "ADS_MEDIA_ENUM_IMAGE",
                    "lottie": {},
                    "video": {}
                }
            },
            "reviewsSummary": {},
            "displayType": "RESTAURANT_DISPLAY_TYPE_DEFAULT",
            "restaurantOfferPresentationInfo": {}
        },
        "analytics": {},
        "cta": {
            "link": "https://www.swiggy.com/restaurants/noto-ice-creams-and-desserts-amanora-mall-hadapsar-pune-432487",
            "type": "WEBLINK"
        }
    },
    {
        "info": {
            "id": "436694",
            "name": "Kaati Zone Rolls & Wraps",
            "cloudinaryImageId": "gjhl527nvuu06bzeginm",
            "locality": "DP Road",
            "areaName": "Hadapsar",
            "costForTwo": "₹150 for two",
            "cuisines": [
                "Fast Food",
                "Bengali",
                "Beverages",
                "Desserts"
            ],
            "avgRating": 3.7,
            "feeDetails": {
                "restaurantId": "436694",
                "fees": [
                    {
                        "name": "BASE_DISTANCE",
                        "fee": 4800
                    },
                    {
                        "name": "BASE_TIME"
                    },
                    {
                        "name": "ANCILLARY_SURGE_FEE"
                    }
                ],
                "totalFee": 4800
            },
            "parentId": "248306",
            "avgRatingString": "3.7",
            "totalRatingsString": "100+",
            "sla": {
                "deliveryTime": 56,
                "lastMileTravel": 4.6,
                "serviceability": "SERVICEABLE",
                "slaString": "56 mins",
                "lastMileTravelString": "4.6 km",
                "iconType": "ICON_TYPE_EMPTY"
            },
            "availability": {
                "nextCloseTime": "2023-10-26 02:00:00",
                "opened": true
            },
            "badges": {
                "textExtendedBadges": [
                    {
                        "iconId": "guiltfree/GF_Logo_android_3x",
                        "shortDescription": "options available",
                        "fontColor": "#7E808C"
                    }
                ]
            },
            "isOpen": true,
            "type": "F",
            "badgesV2": {
                "entityBadges": {
                    "imageBased": {},
                    "textBased": {},
                    "textExtendedBadges": {
                        "badgeObject": [
                            {
                                "attributes": {
                                    "description": "",
                                    "fontColor": "#7E808C",
                                    "iconId": "guiltfree/GF_Logo_android_3x",
                                    "shortDescription": "options available"
                                }
                            }
                        ]
                    }
                }
            },
            "aggregatedDiscountInfoV3": {
                "header": "20% OFF",
                "subHeader": "ABOVE ₹800",
                "discountTag": "FLAT DEAL"
            },
            "differentiatedUi": {
                "displayType": "ADS_UI_DISPLAY_TYPE_ENUM_DEFAULT",
                "differentiatedUiMediaDetails": {
                    "mediaType": "ADS_MEDIA_ENUM_IMAGE",
                    "lottie": {},
                    "video": {}
                }
            },
            "reviewsSummary": {},
            "displayType": "RESTAURANT_DISPLAY_TYPE_DEFAULT",
            "restaurantOfferPresentationInfo": {}
        },
        "analytics": {},
        "cta": {
            "link": "https://www.swiggy.com/restaurants/kaati-zone-rolls-and-wraps-dp-road-hadapsar-pune-436694",
            "type": "WEBLINK"
        }
    },
    {
        "info": {
            "id": "94836",
            "name": "Garwa Pure Veg",
            "cloudinaryImageId": "wq83nphx3ut2ykpmlnip",
            "locality": "Saswad Road",
            "areaName": "Hadapsar",
            "costForTwo": "₹400 for two",
            "cuisines": [
                "North Indian",
                "South Indian",
                "Chinese",
                "Indian",
                "Maharashtrian",
                "Beverages"
            ],
            "avgRating": 4.1,
            "feeDetails": {
                "restaurantId": "94836",
                "fees": [
                    {
                        "name": "BASE_DISTANCE",
                        "fee": 4000
                    },
                    {
                        "name": "BASE_TIME"
                    },
                    {
                        "name": "ANCILLARY_SURGE_FEE"
                    }
                ],
                "totalFee": 4000
            },
            "parentId": "86522",
            "avgRatingString": "4.1",
            "totalRatingsString": "10K+",
            "sla": {
                "deliveryTime": 28,
                "lastMileTravel": 0.9,
                "serviceability": "SERVICEABLE",
                "slaString": "28 mins",
                "lastMileTravelString": "0.9 km",
                "iconType": "ICON_TYPE_EMPTY"
            },
            "availability": {
                "nextCloseTime": "2023-10-25 23:00:00",
                "opened": true
            },
            "badges": {},
            "isOpen": true,
            "type": "F",
            "badgesV2": {
                "entityBadges": {
                    "imageBased": {},
                    "textBased": {},
                    "textExtendedBadges": {}
                }
            },
            "aggregatedDiscountInfoV3": {
                "header": "40% OFF",
                "subHeader": "UPTO ₹80"
            },
            "orderabilityCommunication": {
                "title": {},
                "subTitle": {},
                "message": {},
                "customIcon": {}
            },
            "differentiatedUi": {
                "displayType": "ADS_UI_DISPLAY_TYPE_ENUM_DEFAULT",
                "differentiatedUiMediaDetails": {
                    "mediaType": "ADS_MEDIA_ENUM_IMAGE",
                    "lottie": {},
                    "video": {}
                }
            },
            "reviewsSummary": {},
            "displayType": "RESTAURANT_DISPLAY_TYPE_DEFAULT",
            "restaurantOfferPresentationInfo": {}
        },
        "analytics": {
            "context": "seo-data-eaa8e701-d51f-4970-b8b6-86c1ab63bc23"
        },
        "cta": {
            "link": "https://www.swiggy.com/restaurants/garwa-pure-veg-saswad-road-hadapsar-pune-94836",
            "text": "RESTAURANT_MENU",
            "type": "WEBLINK"
        },
        "widgetId": "collectionV5RestaurantListWidget_SimRestoRelevance_food_seo"
    },
    {
        "info": {
            "id": "500366",
            "name": "Great Indian Khichdi by EatFit",
            "cloudinaryImageId": "6e44fd7f1e5cd9967edfe47c10247671",
            "locality": "Subhash Nagar",
            "areaName": "Hadapsar",
            "costForTwo": "₹200 for two",
            "cuisines": [
                "Home Food",
                "Indian",
                "North Indian",
                "Healthy Food",
                "Snacks",
                "Desserts",
                "Rajasthani",
                "South Indian",
                "Maharashtrian",
                "Sweets"
            ],
            "avgRating": 4.2,
            "veg": true,
            "feeDetails": {
                "restaurantId": "500366",
                "fees": [
                    {
                        "name": "BASE_DISTANCE",
                        "fee": 4900
                    },
                    {
                        "name": "BASE_TIME"
                    },
                    {
                        "name": "ANCILLARY_SURGE_FEE"
                    }
                ],
                "totalFee": 4900
            },
            "parentId": "319582",
            "avgRatingString": "4.2",
            "totalRatingsString": "500+",
            "sla": {
                "deliveryTime": 29,
                "lastMileTravel": 3.8,
                "serviceability": "SERVICEABLE",
                "slaString": "29 mins",
                "lastMileTravelString": "3.8 km",
                "iconType": "ICON_TYPE_EMPTY"
            },
            "availability": {
                "nextCloseTime": "2023-10-25 23:59:00",
                "opened": true
            },
            "badges": {
                "imageBadges": [
                    {
                        "imageId": "v1695133679/badges/Pure_Veg111.png",
                        "description": "pureveg"
                    }
                ],
                "textExtendedBadges": [
                    {
                        "iconId": "guiltfree/GF_Logo_android_3x",
                        "shortDescription": "options available",
                        "fontColor": "#7E808C"
                    }
                ]
            },
            "isOpen": true,
            "type": "F",
            "badgesV2": {
                "entityBadges": {
                    "imageBased": {
                        "badgeObject": [
                            {
                                "attributes": {
                                    "description": "pureveg",
                                    "imageId": "v1695133679/badges/Pure_Veg111.png"
                                }
                            }
                        ]
                    },
                    "textBased": {},
                    "textExtendedBadges": {
                        "badgeObject": [
                            {
                                "attributes": {
                                    "description": "",
                                    "fontColor": "#7E808C",
                                    "iconId": "guiltfree/GF_Logo_android_3x",
                                    "shortDescription": "options available"
                                }
                            }
                        ]
                    }
                }
            },
            "aggregatedDiscountInfoV3": {
                "header": "40% OFF",
                "subHeader": "UPTO ₹100"
            },
            "orderabilityCommunication": {
                "title": {},
                "subTitle": {},
                "message": {},
                "customIcon": {}
            },
            "differentiatedUi": {
                "displayType": "ADS_UI_DISPLAY_TYPE_ENUM_DEFAULT",
                "differentiatedUiMediaDetails": {
                    "mediaType": "ADS_MEDIA_ENUM_IMAGE",
                    "lottie": {},
                    "video": {}
                }
            },
            "reviewsSummary": {},
            "displayType": "RESTAURANT_DISPLAY_TYPE_DEFAULT",
            "restaurantOfferPresentationInfo": {}
        },
        "analytics": {
            "context": "seo-data-eaa8e701-d51f-4970-b8b6-86c1ab63bc23"
        },
        "cta": {
            "link": "https://www.swiggy.com/restaurants/great-indian-khichdi-by-eatfit-subhash-nagar-hadapsar-pune-500366",
            "text": "RESTAURANT_MENU",
            "type": "WEBLINK"
        },
        "widgetId": "collectionV5RestaurantListWidget_SimRestoRelevance_food_seo"
    },
    {
        "info": {
            "id": "173262",
            "name": "Meridian Ice Cream",
            "cloudinaryImageId": "dgcp8bapmk8dd4laofoy",
            "locality": "Sasane Nagar",
            "areaName": "Hadapsar",
            "costForTwo": "₹200 for two",
            "cuisines": [
                "Ice Cream"
            ],
            "avgRating": 4.5,
            "veg": true,
            "feeDetails": {
                "restaurantId": "173262",
                "fees": [
                    {
                        "name": "BASE_DISTANCE",
                        "fee": 4000
                    },
                    {
                        "name": "BASE_TIME"
                    },
                    {
                        "name": "ANCILLARY_SURGE_FEE"
                    }
                ],
                "totalFee": 4000
            },
            "parentId": "135346",
            "avgRatingString": "4.5",
            "totalRatingsString": "500+",
            "sla": {
                "deliveryTime": 32,
                "lastMileTravel": 2.3,
                "serviceability": "SERVICEABLE",
                "slaString": "32 mins",
                "lastMileTravelString": "2.3 km",
                "iconType": "ICON_TYPE_EMPTY"
            },
            "availability": {
                "nextCloseTime": "2023-10-25 23:59:00",
                "opened": true
            },
            "badges": {},
            "isOpen": true,
            "type": "F",
            "badgesV2": {
                "entityBadges": {
                    "imageBased": {},
                    "textBased": {},
                    "textExtendedBadges": {}
                }
            },
            "aggregatedDiscountInfoV3": {
                "header": "₹150 OFF",
                "subHeader": "ABOVE ₹349",
                "discountTag": "FLAT DEAL"
            },
            "orderabilityCommunication": {
                "title": {},
                "subTitle": {},
                "message": {},
                "customIcon": {}
            },
            "differentiatedUi": {
                "displayType": "ADS_UI_DISPLAY_TYPE_ENUM_DEFAULT",
                "differentiatedUiMediaDetails": {
                    "mediaType": "ADS_MEDIA_ENUM_IMAGE",
                    "lottie": {},
                    "video": {}
                }
            },
            "reviewsSummary": {},
            "displayType": "RESTAURANT_DISPLAY_TYPE_DEFAULT",
            "restaurantOfferPresentationInfo": {}
        },
        "analytics": {
            "context": "seo-data-eaa8e701-d51f-4970-b8b6-86c1ab63bc23"
        },
        "cta": {
            "link": "https://www.swiggy.com/restaurants/meridian-ice-cream-sasane-nagar-hadapsar-pune-173262",
            "text": "RESTAURANT_MENU",
            "type": "WEBLINK"
        },
        "widgetId": "collectionV5RestaurantListWidget_SimRestoRelevance_food_seo"
    },
    {
        "info": {
            "id": "333693",
            "name": "Hari Om Juice Bar",
            "cloudinaryImageId": "raptf067zzhije5x9idm",
            "locality": "Raghukul Plaza",
            "areaName": "Hadapsar",
            "costForTwo": "₹200 for two",
            "cuisines": [
                "Beverages"
            ],
            "avgRating": 4.4,
            "veg": true,
            "feeDetails": {
                "restaurantId": "333693",
                "fees": [
                    {
                        "name": "BASE_DISTANCE",
                        "fee": 4000
                    },
                    {
                        "name": "BASE_TIME"
                    },
                    {
                        "name": "ANCILLARY_SURGE_FEE"
                    }
                ],
                "totalFee": 4000
            },
            "parentId": "93841",
            "avgRatingString": "4.4",
            "totalRatingsString": "100+",
            "sla": {
                "deliveryTime": 29,
                "lastMileTravel": 2.7,
                "serviceability": "SERVICEABLE",
                "slaString": "29 mins",
                "lastMileTravelString": "2.7 km",
                "iconType": "ICON_TYPE_EMPTY"
            },
            "availability": {
                "nextCloseTime": "2023-10-25 23:30:00",
                "opened": true
            },
            "badges": {
                "imageBadges": [
                    {
                        "imageId": "v1695133679/badges/Pure_Veg111.png",
                        "description": "pureveg"
                    }
                ]
            },
            "isOpen": true,
            "type": "F",
            "badgesV2": {
                "entityBadges": {
                    "imageBased": {
                        "badgeObject": [
                            {
                                "attributes": {
                                    "description": "pureveg",
                                    "imageId": "v1695133679/badges/Pure_Veg111.png"
                                }
                            }
                        ]
                    },
                    "textBased": {},
                    "textExtendedBadges": {}
                }
            },
            "aggregatedDiscountInfoV3": {
                "header": "₹150 OFF",
                "subHeader": "ABOVE ₹349",
                "discountTag": "FLAT DEAL"
            },
            "orderabilityCommunication": {
                "title": {},
                "subTitle": {},
                "message": {},
                "customIcon": {}
            },
            "differentiatedUi": {
                "displayType": "ADS_UI_DISPLAY_TYPE_ENUM_DEFAULT",
                "differentiatedUiMediaDetails": {
                    "mediaType": "ADS_MEDIA_ENUM_IMAGE",
                    "lottie": {},
                    "video": {}
                }
            },
            "reviewsSummary": {},
            "displayType": "RESTAURANT_DISPLAY_TYPE_DEFAULT",
            "restaurantOfferPresentationInfo": {}
        },
        "analytics": {
            "context": "seo-data-eaa8e701-d51f-4970-b8b6-86c1ab63bc23"
        },
        "cta": {
            "link": "https://www.swiggy.com/restaurants/hari-om-juice-bar-raghukul-plaza-hadapsar-pune-333693",
            "text": "RESTAURANT_MENU",
            "type": "WEBLINK"
        },
        "widgetId": "collectionV5RestaurantListWidget_SimRestoRelevance_food_seo"
    },
    {
        "info": {
            "id": "100258",
            "name": "Sujata Mastani",
            "cloudinaryImageId": "pgvgijmifqtxrj5enbr8",
            "locality": "Saswad Road",
            "areaName": "Hadapsar",
            "costForTwo": "₹200 for two",
            "cuisines": [
                "Desserts",
                "Beverages"
            ],
            "avgRating": 4.3,
            "veg": true,
            "feeDetails": {
                "restaurantId": "100258",
                "fees": [
                    {
                        "name": "BASE_DISTANCE",
                        "fee": 4000
                    },
                    {
                        "name": "BASE_TIME"
                    },
                    {
                        "name": "ANCILLARY_SURGE_FEE"
                    }
                ],
                "totalFee": 4000
            },
            "parentId": "2418",
            "avgRatingString": "4.3",
            "totalRatingsString": "1K+",
            "sla": {
                "deliveryTime": 27,
                "lastMileTravel": 0.9,
                "serviceability": "SERVICEABLE",
                "slaString": "27 mins",
                "lastMileTravelString": "0.9 km",
                "iconType": "ICON_TYPE_EMPTY"
            },
            "availability": {
                "nextCloseTime": "2023-10-25 22:55:00",
                "opened": true
            },
            "badges": {
                "imageBadges": [
                    {
                        "imageId": "v1695133679/badges/Pure_Veg111.png",
                        "description": "pureveg"
                    }
                ]
            },
            "isOpen": true,
            "type": "F",
            "badgesV2": {
                "entityBadges": {
                    "imageBased": {
                        "badgeObject": [
                            {
                                "attributes": {
                                    "description": "pureveg",
                                    "imageId": "v1695133679/badges/Pure_Veg111.png"
                                }
                            }
                        ]
                    },
                    "textBased": {},
                    "textExtendedBadges": {}
                }
            },
            "aggregatedDiscountInfoV3": {
                "header": "15% OFF",
                "subHeader": "ABOVE ₹800",
                "discountTag": "FLAT DEAL"
            },
            "orderabilityCommunication": {
                "title": {},
                "subTitle": {},
                "message": {},
                "customIcon": {}
            },
            "differentiatedUi": {
                "displayType": "ADS_UI_DISPLAY_TYPE_ENUM_DEFAULT",
                "differentiatedUiMediaDetails": {
                    "mediaType": "ADS_MEDIA_ENUM_IMAGE",
                    "lottie": {},
                    "video": {}
                }
            },
            "reviewsSummary": {},
            "displayType": "RESTAURANT_DISPLAY_TYPE_DEFAULT",
            "restaurantOfferPresentationInfo": {}
        },
        "analytics": {
            "context": "seo-data-eaa8e701-d51f-4970-b8b6-86c1ab63bc23"
        },
        "cta": {
            "link": "https://www.swiggy.com/restaurants/sujata-mastani-saswad-road-hadapsar-pune-100258",
            "text": "RESTAURANT_MENU",
            "type": "WEBLINK"
        },
        "widgetId": "collectionV5RestaurantListWidget_SimRestoRelevance_food_seo"
    },
    {
        "info": {
            "id": "107588",
            "name": "MH 12 Pav Bhaji",
            "cloudinaryImageId": "i2kmly7a7wub3gtrt4ze",
            "locality": "Satav Nagar",
            "areaName": "Hadapsar",
            "costForTwo": "₹250 for two",
            "cuisines": [
                "Fast Food",
                "Street Food"
            ],
            "avgRating": 3.9,
            "veg": true,
            "feeDetails": {
                "restaurantId": "107588",
                "fees": [
                    {
                        "name": "BASE_DISTANCE",
                        "fee": 4800
                    },
                    {
                        "name": "BASE_TIME"
                    },
                    {
                        "name": "ANCILLARY_SURGE_FEE"
                    }
                ],
                "totalFee": 4800
            },
            "parentId": "8970",
            "avgRatingString": "3.9",
            "totalRatingsString": "1K+",
            "sla": {
                "deliveryTime": 31,
                "lastMileTravel": 3,
                "serviceability": "SERVICEABLE",
                "slaString": "31 mins",
                "lastMileTravelString": "3.0 km",
                "iconType": "ICON_TYPE_EMPTY"
            },
            "availability": {
                "nextCloseTime": "2023-10-25 23:00:00",
                "opened": true
            },
            "badges": {
                "imageBadges": [
                    {
                        "imageId": "v1695133679/badges/Pure_Veg111.png",
                        "description": "pureveg"
                    }
                ]
            },
            "isOpen": true,
            "type": "F",
            "badgesV2": {
                "entityBadges": {
                    "imageBased": {
                        "badgeObject": [
                            {
                                "attributes": {
                                    "description": "pureveg",
                                    "imageId": "v1695133679/badges/Pure_Veg111.png"
                                }
                            }
                        ]
                    },
                    "textBased": {},
                    "textExtendedBadges": {}
                }
            },
            "aggregatedDiscountInfoV3": {
                "header": "20% OFF",
                "subHeader": "UPTO ₹50"
            },
            "orderabilityCommunication": {
                "title": {},
                "subTitle": {},
                "message": {},
                "customIcon": {}
            },
            "differentiatedUi": {
                "displayType": "ADS_UI_DISPLAY_TYPE_ENUM_DEFAULT",
                "differentiatedUiMediaDetails": {
                    "mediaType": "ADS_MEDIA_ENUM_IMAGE",
                    "lottie": {},
                    "video": {}
                }
            },
            "reviewsSummary": {},
            "displayType": "RESTAURANT_DISPLAY_TYPE_DEFAULT",
            "restaurantOfferPresentationInfo": {}
        },
        "analytics": {
            "context": "seo-data-eaa8e701-d51f-4970-b8b6-86c1ab63bc23"
        },
        "cta": {
            "link": "https://www.swiggy.com/restaurants/mh-12-pav-bhaji-satav-nagar-hadapsar-pune-107588",
            "text": "RESTAURANT_MENU",
            "type": "WEBLINK"
        },
        "widgetId": "collectionV5RestaurantListWidget_SimRestoRelevance_food_seo"
    },
    {
        "info": {
            "id": "5930",
            "name": "Burger King",
            "cloudinaryImageId": "e33e1d3ba7d6b2bb0d45e1001b731fcf",
            "locality": "City Centre Mall",
            "areaName": "Sector 28",
            "costForTwo": "₹350 for two",
            "cuisines": [
                "Burgers",
                "American"
            ],
            "avgRating": 4.2,
            "feeDetails": {
                "restaurantId": "5930",
                "fees": [
                    {
                        "name": "BASE_DISTANCE",
                        "fee": 7100
                    },
                    {
                        "name": "BASE_TIME"
                    },
                    {
                        "name": "ANCILLARY_SURGE_FEE"
                    }
                ],
                "totalFee": 7100
            },
            "parentId": "166",
            "avgRatingString": "4.2",
            "totalRatingsString": "10K+",
            "sla": {
                "deliveryTime": 30,
                "lastMileTravel": 5.5,
                "serviceability": "SERVICEABLE",
                "slaString": "30 mins",
                "lastMileTravelString": "5.5 km",
                "iconType": "ICON_TYPE_EMPTY"
            },
            "availability": {
                "nextCloseTime": "2023-10-27 03:00:00",
                "opened": true
            },
            "badges": {},
            "isOpen": true,
            "type": "F",
            "badgesV2": {
                "entityBadges": {
                    "imageBased": {},
                    "textBased": {},
                    "textExtendedBadges": {}
                }
            },
            "aggregatedDiscountInfoV3": {
                "header": "60% OFF",
                "subHeader": "UPTO ₹120"
            },
            "differentiatedUi": {
                "displayType": "ADS_UI_DISPLAY_TYPE_ENUM_DEFAULT",
                "differentiatedUiMediaDetails": {
                    "mediaType": "ADS_MEDIA_ENUM_IMAGE",
                    "lottie": {},
                    "video": {}
                }
            },
            "reviewsSummary": {},
            "displayType": "RESTAURANT_DISPLAY_TYPE_DEFAULT",
            "restaurantOfferPresentationInfo": {}
        },
        "analytics": {},
        "cta": {
            "link": "https://www.swiggy.com/restaurants/burger-king-city-centre-mall-sector-28-gurgaon-5930",
            "type": "WEBLINK"
        }
    },
    {
        "info": {
            "id": "342560",
            "name": "Dhaba 1947",
            "cloudinaryImageId": "fnlivbxy0nsfnicpccyv",
            "locality": "Sushant Shopping Arcade",
            "areaName": "Sushant Lok",
            "costForTwo": "₹300 for two",
            "cuisines": [
                "North Indian",
                "Tandoor",
                "Mughlai"
            ],
            "avgRating": 4.1,
            "feeDetails": {
                "restaurantId": "342560",
                "fees": [
                    {
                        "name": "BASE_DISTANCE",
                        "fee": 9600
                    },
                    {
                        "name": "BASE_TIME"
                    },
                    {
                        "name": "ANCILLARY_SURGE_FEE"
                    }
                ],
                "totalFee": 9600
            },
            "parentId": "14248",
            "avgRatingString": "4.1",
            "totalRatingsString": "10K+",
            "sla": {
                "deliveryTime": 30,
                "lastMileTravel": 7.8,
                "serviceability": "SERVICEABLE",
                "slaString": "30 mins",
                "lastMileTravelString": "7.8 km",
                "iconType": "ICON_TYPE_EMPTY"
            },
            "availability": {
                "nextCloseTime": "2023-10-27 02:59:00",
                "opened": true
            },
            "badges": {},
            "isOpen": true,
            "type": "F",
            "badgesV2": {
                "entityBadges": {
                    "imageBased": {},
                    "textBased": {},
                    "textExtendedBadges": {}
                }
            },
            "aggregatedDiscountInfoV3": {
                "header": "60% OFF",
                "subHeader": "UPTO ₹120"
            },
            "differentiatedUi": {
                "displayType": "ADS_UI_DISPLAY_TYPE_ENUM_DEFAULT",
                "differentiatedUiMediaDetails": {
                    "mediaType": "ADS_MEDIA_ENUM_IMAGE",
                    "lottie": {},
                    "video": {}
                }
            },
            "reviewsSummary": {},
            "displayType": "RESTAURANT_DISPLAY_TYPE_DEFAULT",
            "restaurantOfferPresentationInfo": {}
        },
        "analytics": {},
        "cta": {
            "link": "https://www.swiggy.com/restaurants/dhaba-1947-sushant-shopping-arcade-sushant-lok-gurgaon-342560",
            "type": "WEBLINK"
        }
    },
    {
        "info": {
            "id": "254005",
            "name": "McDonald's",
            "cloudinaryImageId": "6dc3ed2ca21d71acff7c2a51dfe4c720",
            "locality": "Market Road",
            "areaName": "Sector 29",
            "costForTwo": "₹400 for two",
            "cuisines": [
                "American"
            ],
            "avgRating": 4.1,
            "feeDetails": {
                "restaurantId": "254005",
                "fees": [
                    {
                        "name": "BASE_TIME"
                    },
                    {
                        "name": "BASE_DISTANCE",
                        "fee": 10100
                    },
                    {
                        "name": "ANCILLARY_SURGE_FEE"
                    }
                ],
                "totalFee": 10100
            },
            "parentId": "630",
            "avgRatingString": "4.1",
            "totalRatingsString": "5K+",
            "sla": {
                "deliveryTime": 31,
                "lastMileTravel": 8.1,
                "serviceability": "SERVICEABLE",
                "slaString": "31 mins",
                "lastMileTravelString": "8.1 km",
                "iconType": "ICON_TYPE_EMPTY"
            },
            "availability": {
                "nextCloseTime": "2023-10-27 03:00:00",
                "opened": true
            },
            "badges": {},
            "isOpen": true,
            "aggregatedDiscountInfoV2": {},
            "type": "F",
            "badgesV2": {
                "entityBadges": {
                    "imageBased": {},
                    "textBased": {},
                    "textExtendedBadges": {}
                }
            },
            "differentiatedUi": {
                "displayType": "ADS_UI_DISPLAY_TYPE_ENUM_DEFAULT",
                "differentiatedUiMediaDetails": {
                    "mediaType": "ADS_MEDIA_ENUM_IMAGE",
                    "lottie": {},
                    "video": {}
                }
            },
            "reviewsSummary": {},
            "displayType": "RESTAURANT_DISPLAY_TYPE_DEFAULT",
            "restaurantOfferPresentationInfo": {}
        },
        "analytics": {},
        "cta": {
            "link": "https://www.swiggy.com/restaurants/mcdonalds-market-road-sector-29-gurgaon-254005",
            "type": "WEBLINK"
        }
    },
    {
        "info": {
            "id": "48784",
            "name": "Burger Singh (Big Punjabi Burgers)",
            "cloudinaryImageId": "g3j4bnatf5hsgpjmynxb",
            "areaName": "Palam Vihar",
            "costForTwo": "₹300 for two",
            "cuisines": [
                "Snacks",
                "Indian",
                "American",
                "Beverages",
                "Desserts",
                "North Indian",
                "Mughlai",
                "Biryani"
            ],
            "avgRating": 4.2,
            "feeDetails": {
                "restaurantId": "48784",
                "fees": [
                    {
                        "name": "BASE_TIME"
                    },
                    {
                        "name": "BASE_DISTANCE",
                        "fee": 7100
                    },
                    {
                        "name": "ANCILLARY_SURGE_FEE"
                    }
                ],
                "totalFee": 7100
            },
            "parentId": "375065",
            "avgRatingString": "4.2",
            "totalRatingsString": "10K+",
            "sla": {
                "deliveryTime": 24,
                "lastMileTravel": 5,
                "serviceability": "SERVICEABLE",
                "slaString": "24 mins",
                "lastMileTravelString": "5.0 km",
                "iconType": "ICON_TYPE_EMPTY"
            },
            "availability": {
                "nextCloseTime": "2023-10-27 06:00:00",
                "opened": true
            },
            "badges": {},
            "isOpen": true,
            "type": "F",
            "badgesV2": {
                "entityBadges": {
                    "imageBased": {},
                    "textBased": {},
                    "textExtendedBadges": {}
                }
            },
            "aggregatedDiscountInfoV3": {
                "header": "₹125 OFF",
                "subHeader": "ABOVE ₹249",
                "discountTag": "FLAT DEAL"
            },
            "differentiatedUi": {
                "displayType": "ADS_UI_DISPLAY_TYPE_ENUM_DEFAULT",
                "differentiatedUiMediaDetails": {
                    "mediaType": "ADS_MEDIA_ENUM_IMAGE",
                    "lottie": {},
                    "video": {}
                }
            },
            "reviewsSummary": {},
            "displayType": "RESTAURANT_DISPLAY_TYPE_DEFAULT",
            "restaurantOfferPresentationInfo": {}
        },
        "analytics": {},
        "cta": {
            "link": "https://www.swiggy.com/restaurants/burger-singh-big-punjabi-burgers-palam-vihar-gurgaon-48784",
            "type": "WEBLINK"
        }
    },
    {
        "info": {
            "id": "11752",
            "name": "Subway",
            "cloudinaryImageId": "1ace5fa65eff3e1223feb696c956b38b",
            "locality": "Central Arcade",
            "areaName": "DLF Phase 2",
            "costForTwo": "₹350 for two",
            "cuisines": [
                "Salads",
                "Snacks",
                "Desserts",
                "Beverages"
            ],
            "avgRating": 4.1,
            "feeDetails": {
                "restaurantId": "11752",
                "fees": [
                    {
                        "name": "BASE_TIME"
                    },
                    {
                        "name": "BASE_DISTANCE",
                        "fee": 6000
                    },
                    {
                        "name": "ANCILLARY_SURGE_FEE"
                    }
                ],
                "totalFee": 6000
            },
            "parentId": "2",
            "avgRatingString": "4.1",
            "totalRatingsString": "10K+",
            "sla": {
                "deliveryTime": 25,
                "lastMileTravel": 4.8,
                "serviceability": "SERVICEABLE",
                "slaString": "25 mins",
                "lastMileTravelString": "4.8 km",
                "iconType": "ICON_TYPE_EMPTY"
            },
            "availability": {
                "nextCloseTime": "2023-10-27 03:00:00",
                "opened": true
            },
            "badges": {},
            "isOpen": true,
            "type": "F",
            "badgesV2": {
                "entityBadges": {
                    "imageBased": {},
                    "textBased": {},
                    "textExtendedBadges": {}
                }
            },
            "aggregatedDiscountInfoV3": {
                "header": "40% OFF",
                "subHeader": "UPTO ₹80"
            },
            "differentiatedUi": {
                "displayType": "ADS_UI_DISPLAY_TYPE_ENUM_DEFAULT",
                "differentiatedUiMediaDetails": {
                    "mediaType": "ADS_MEDIA_ENUM_IMAGE",
                    "lottie": {},
                    "video": {}
                }
            },
            "reviewsSummary": {},
            "displayType": "RESTAURANT_DISPLAY_TYPE_DEFAULT",
            "restaurantOfferPresentationInfo": {}
        },
        "analytics": {},
        "cta": {
            "link": "https://www.swiggy.com/restaurants/subway-central-arcade-dlf-phase-2-gurgaon-11752",
            "type": "WEBLINK"
        }
    },
    {
        "info": {
            "id": "39284",
            "name": "KFC",
            "cloudinaryImageId": "56c9ab92bd79745fd152a30fa2525426",
            "locality": "City Centre Mall",
            "areaName": "MG Road",
            "costForTwo": "₹450 for two",
            "cuisines": [
                "Burgers",
                "Biryani",
                "American",
                "Snacks",
                "Fast Food"
            ],
            "avgRating": 4.1,
            "feeDetails": {
                "restaurantId": "39284",
                "fees": [
                    {
                        "name": "BASE_DISTANCE",
                        "fee": 7800
                    },
                    {
                        "name": "BASE_TIME"
                    },
                    {
                        "name": "ANCILLARY_SURGE_FEE"
                    }
                ],
                "totalFee": 7800
            },
            "parentId": "547",
            "avgRatingString": "4.1",
            "totalRatingsString": "10K+",
            "sla": {
                "deliveryTime": 25,
                "lastMileTravel": 5,
                "serviceability": "SERVICEABLE",
                "slaString": "25 mins",
                "lastMileTravelString": "5.0 km",
                "iconType": "ICON_TYPE_EMPTY"
            },
            "availability": {
                "nextCloseTime": "2023-10-27 03:00:00",
                "opened": true
            },
            "badges": {},
            "isOpen": true,
            "type": "F",
            "badgesV2": {
                "entityBadges": {
                    "imageBased": {},
                    "textBased": {},
                    "textExtendedBadges": {}
                }
            },
            "aggregatedDiscountInfoV3": {
                "header": "EVERY ITEM",
                "subHeader": "@ ₹179"
            },
            "differentiatedUi": {
                "displayType": "ADS_UI_DISPLAY_TYPE_ENUM_DEFAULT",
                "differentiatedUiMediaDetails": {
                    "mediaType": "ADS_MEDIA_ENUM_IMAGE",
                    "lottie": {},
                    "video": {}
                }
            },
            "reviewsSummary": {},
            "displayType": "RESTAURANT_DISPLAY_TYPE_DEFAULT",
            "restaurantOfferPresentationInfo": {}
        },
        "analytics": {},
        "cta": {
            "link": "https://www.swiggy.com/restaurants/kfc-city-centre-mall-mg-road-gurgaon-39284",
            "type": "WEBLINK"
        }
    },
    {
        "info": {
            "id": "417218",
            "name": "Louis Burger",
            "cloudinaryImageId": "19d3d352cc815b9d88b22617b41fa97b",
            "locality": "Nathupur",
            "areaName": "DLF Phase 3",
            "costForTwo": "₹600 for two",
            "cuisines": [
                "Burgers",
                "American",
                "Fast Food"
            ],
            "avgRating": 4.2,
            "feeDetails": {
                "restaurantId": "417218",
                "fees": [
                    {
                        "name": "BASE_DISTANCE",
                        "fee": 5100
                    },
                    {
                        "name": "BASE_TIME"
                    },
                    {
                        "name": "ANCILLARY_SURGE_FEE"
                    }
                ],
                "totalFee": 5100
            },
            "parentId": "22485",
            "avgRatingString": "4.2",
            "totalRatingsString": "1K+",
            "sla": {
                "deliveryTime": 24,
                "lastMileTravel": 2,
                "serviceability": "SERVICEABLE",
                "slaString": "24 mins",
                "lastMileTravelString": "2.0 km",
                "iconType": "ICON_TYPE_EMPTY"
            },
            "availability": {
                "nextCloseTime": "2023-10-27 04:00:00",
                "opened": true
            },
            "badges": {
                "imageBadges": [
                    {
                        "imageId": "newg.png",
                        "description": "Gourmet"
                    }
                ]
            },
            "isOpen": true,
            "type": "F",
            "badgesV2": {
                "entityBadges": {
                    "imageBased": {
                        "badgeObject": [
                            {
                                "attributes": {
                                    "description": "Gourmet",
                                    "imageId": "newg.png"
                                }
                            }
                        ]
                    },
                    "textBased": {},
                    "textExtendedBadges": {}
                }
            },
            "aggregatedDiscountInfoV3": {
                "header": "₹125 OFF",
                "subHeader": "ABOVE ₹249",
                "discountTag": "FLAT DEAL"
            },
            "differentiatedUi": {
                "displayType": "ADS_UI_DISPLAY_TYPE_ENUM_DEFAULT",
                "differentiatedUiMediaDetails": {
                    "mediaType": "ADS_MEDIA_ENUM_IMAGE",
                    "lottie": {},
                    "video": {}
                }
            },
            "reviewsSummary": {},
            "displayType": "RESTAURANT_DISPLAY_TYPE_DEFAULT",
            "restaurantOfferPresentationInfo": {}
        },
        "analytics": {},
        "cta": {
            "link": "https://www.swiggy.com/restaurants/louis-burger-nathupur-dlf-phase-3-gurgaon-417218",
            "type": "WEBLINK"
        }
    },
    {
        "info": {
            "id": "439207",
            "name": "Burgerama",
            "cloudinaryImageId": "1d52387b37dbec1712d0142aec3421a6",
            "locality": "5th Phase",
            "areaName": "Udyog Vihar",
            "costForTwo": "₹500 for two",
            "cuisines": [
                "American"
            ],
            "avgRating": 4.2,
            "feeDetails": {
                "restaurantId": "439207",
                "fees": [
                    {
                        "name": "BASE_DISTANCE",
                        "fee": 5900
                    },
                    {
                        "name": "BASE_TIME"
                    },
                    {
                        "name": "ANCILLARY_SURGE_FEE"
                    }
                ],
                "totalFee": 5900
            },
            "parentId": "8993",
            "avgRatingString": "4.2",
            "totalRatingsString": "500+",
            "sla": {
                "deliveryTime": 23,
                "lastMileTravel": 3,
                "serviceability": "SERVICEABLE",
                "slaString": "23 mins",
                "lastMileTravelString": "3.0 km",
                "iconType": "ICON_TYPE_EMPTY"
            },
            "availability": {
                "nextCloseTime": "2023-10-27 04:00:00",
                "opened": true
            },
            "badges": {
                "imageBadges": [
                    {
                        "imageId": "newg.png",
                        "description": "Gourmet"
                    }
                ]
            },
            "isOpen": true,
            "type": "F",
            "badgesV2": {
                "entityBadges": {
                    "imageBased": {
                        "badgeObject": [
                            {
                                "attributes": {
                                    "description": "Gourmet",
                                    "imageId": "newg.png"
                                }
                            }
                        ]
                    },
                    "textBased": {},
                    "textExtendedBadges": {}
                }
            },
            "aggregatedDiscountInfoV3": {
                "header": "50% OFF",
                "subHeader": "UPTO ₹100"
            },
            "differentiatedUi": {
                "displayType": "ADS_UI_DISPLAY_TYPE_ENUM_DEFAULT",
                "differentiatedUiMediaDetails": {
                    "mediaType": "ADS_MEDIA_ENUM_IMAGE",
                    "lottie": {},
                    "video": {}
                }
            },
            "reviewsSummary": {},
            "displayType": "RESTAURANT_DISPLAY_TYPE_DEFAULT",
            "restaurantOfferPresentationInfo": {}
        },
        "analytics": {},
        "cta": {
            "link": "https://www.swiggy.com/restaurants/burgerama-5th-phase-udyog-vihar-gurgaon-439207",
            "type": "WEBLINK"
        }
    },
    {
        "info": {
            "id": "402414",
            "name": "Indiana Burgers",
            "cloudinaryImageId": "kkibzcdnwbfyivyp6ts6",
            "locality": "KL House Complex",
            "areaName": "DLF Phase 3",
            "costForTwo": "₹150 for two",
            "cuisines": [
                "Burgers",
                "American",
                "Fast Food",
                "Beverages",
                "Desserts"
            ],
            "avgRating": 4,
            "feeDetails": {
                "restaurantId": "402414",
                "fees": [
                    {
                        "name": "BASE_TIME"
                    },
                    {
                        "name": "BASE_DISTANCE",
                        "fee": 4400
                    },
                    {
                        "name": "ANCILLARY_SURGE_FEE"
                    }
                ],
                "totalFee": 4400
            },
            "parentId": "5714",
            "avgRatingString": "4.0",
            "totalRatingsString": "50+",
            "sla": {
                "deliveryTime": 26,
                "lastMileTravel": 2,
                "serviceability": "SERVICEABLE",
                "slaString": "26 mins",
                "lastMileTravelString": "2.0 km",
                "iconType": "ICON_TYPE_EMPTY"
            },
            "availability": {
                "nextCloseTime": "2023-10-27 06:00:00",
                "opened": true
            },
            "badges": {
                "textExtendedBadges": [
                    {
                        "iconId": "guiltfree/GF_Logo_android_3x",
                        "shortDescription": "options available",
                        "fontColor": "#7E808C"
                    }
                ]
            },
            "isOpen": true,
            "type": "F",
            "badgesV2": {
                "entityBadges": {
                    "imageBased": {},
                    "textBased": {},
                    "textExtendedBadges": {
                        "badgeObject": [
                            {
                                "attributes": {
                                    "description": "",
                                    "fontColor": "#7E808C",
                                    "iconId": "guiltfree/GF_Logo_android_3x",
                                    "shortDescription": "options available"
                                }
                            }
                        ]
                    }
                }
            },
            "aggregatedDiscountInfoV3": {
                "header": "50% OFF",
                "subHeader": "UPTO ₹100"
            },
            "differentiatedUi": {
                "displayType": "ADS_UI_DISPLAY_TYPE_ENUM_DEFAULT",
                "differentiatedUiMediaDetails": {
                    "mediaType": "ADS_MEDIA_ENUM_IMAGE",
                    "lottie": {},
                    "video": {}
                }
            },
            "reviewsSummary": {},
            "displayType": "RESTAURANT_DISPLAY_TYPE_DEFAULT",
            "restaurantOfferPresentationInfo": {}
        },
        "analytics": {},
        "cta": {
            "link": "https://www.swiggy.com/restaurants/indiana-burgers-kl-house-complex-dlf-phase-3-gurgaon-402414",
            "type": "WEBLINK"
        }
    },
    {
        "info": {
            "id": "485228",
            "name": "Momo Zone - The Momo Company",
            "cloudinaryImageId": "qjojrktnpu8inyujzlfm",
            "locality": "3rd Phase",
            "areaName": "Cyber City",
            "costForTwo": "₹200 for two",
            "cuisines": [
                "Chinese",
                "Tibetan",
                "Fast Food"
            ],
            "avgRating": 3.5,
            "feeDetails": {
                "restaurantId": "485228",
                "fees": [
                    {
                        "name": "BASE_TIME"
                    },
                    {
                        "name": "BASE_DISTANCE",
                        "fee": 4400
                    },
                    {
                        "name": "ANCILLARY_SURGE_FEE"
                    }
                ],
                "totalFee": 4400
            },
            "parentId": "382343",
            "avgRatingString": "3.5",
            "totalRatingsString": "10+",
            "sla": {
                "deliveryTime": 29,
                "lastMileTravel": 2,
                "serviceability": "SERVICEABLE",
                "slaString": "29 mins",
                "lastMileTravelString": "2.0 km",
                "iconType": "ICON_TYPE_EMPTY"
            },
            "availability": {
                "nextCloseTime": "2023-10-27 06:00:00",
                "opened": true
            },
            "badges": {},
            "isOpen": true,
            "type": "F",
            "badgesV2": {
                "entityBadges": {
                    "imageBased": {},
                    "textBased": {},
                    "textExtendedBadges": {}
                }
            },
            "aggregatedDiscountInfoV3": {
                "header": "50% OFF",
                "subHeader": "UPTO ₹100"
            },
            "differentiatedUi": {
                "displayType": "ADS_UI_DISPLAY_TYPE_ENUM_DEFAULT",
                "differentiatedUiMediaDetails": {
                    "mediaType": "ADS_MEDIA_ENUM_IMAGE",
                    "lottie": {},
                    "video": {}
                }
            },
            "reviewsSummary": {},
            "displayType": "RESTAURANT_DISPLAY_TYPE_DEFAULT",
            "restaurantOfferPresentationInfo": {}
        },
        "analytics": {},
        "cta": {
            "link": "https://www.swiggy.com/restaurants/momo-zone-the-momo-company-3rd-phase-cyber-city-gurgaon-485228",
            "type": "WEBLINK"
        }
    },
    {
        "info": {
            "id": "402367",
            "name": "Cupcake Bliss Cake & Desserts",
            "cloudinaryImageId": "40f193d8b23afb2988489dac1258962f",
            "locality": "KL House Complex",
            "areaName": "DLF Phase 3",
            "costForTwo": "₹200 for two",
            "cuisines": [
                "Bakery",
                "Desserts",
                "Ice Cream",
                "Beverages"
            ],
            "avgRating": 4,
            "feeDetails": {
                "restaurantId": "402367",
                "fees": [
                    {
                        "name": "BASE_TIME"
                    },
                    {
                        "name": "BASE_DISTANCE",
                        "fee": 4400
                    },
                    {
                        "name": "ANCILLARY_SURGE_FEE"
                    }
                ],
                "totalFee": 4400
            },
            "parentId": "66732",
            "avgRatingString": "4.0",
            "totalRatingsString": "100+",
            "sla": {
                "deliveryTime": 27,
                "lastMileTravel": 2,
                "serviceability": "SERVICEABLE",
                "slaString": "27 mins",
                "lastMileTravelString": "2.0 km",
                "iconType": "ICON_TYPE_EMPTY"
            },
            "availability": {
                "nextCloseTime": "2023-10-27 06:00:00",
                "opened": true
            },
            "badges": {},
            "isOpen": true,
            "type": "F",
            "badgesV2": {
                "entityBadges": {
                    "imageBased": {},
                    "textBased": {},
                    "textExtendedBadges": {}
                }
            },
            "aggregatedDiscountInfoV3": {
                "header": "50% OFF",
                "subHeader": "UPTO ₹100"
            },
            "differentiatedUi": {
                "displayType": "ADS_UI_DISPLAY_TYPE_ENUM_DEFAULT",
                "differentiatedUiMediaDetails": {
                    "mediaType": "ADS_MEDIA_ENUM_IMAGE",
                    "lottie": {},
                    "video": {}
                }
            },
            "reviewsSummary": {},
            "displayType": "RESTAURANT_DISPLAY_TYPE_DEFAULT",
            "restaurantOfferPresentationInfo": {}
        },
        "analytics": {},
        "cta": {
            "link": "https://www.swiggy.com/restaurants/cupcake-bliss-cake-and-desserts-kl-house-complex-dlf-phase-3-gurgaon-402367",
            "type": "WEBLINK"
        }
    },
    {
        "info": {
            "id": "163756",
            "name": "Bhookemon",
            "cloudinaryImageId": "tvxrrjpfcuhk8pxdy71a",
            "locality": "Chakkarpur",
            "areaName": "DLF Phase 4",
            "costForTwo": "₹700 for two",
            "cuisines": [
                "Continental",
                "North Indian",
                "Chinese",
                "Pizzas",
                "Italian",
                "Fast Food"
            ],
            "avgRating": 4.3,
            "feeDetails": {
                "restaurantId": "163756",
                "fees": [
                    {
                        "name": "BASE_DISTANCE",
                        "fee": 8800
                    },
                    {
                        "name": "BASE_TIME"
                    },
                    {
                        "name": "ANCILLARY_SURGE_FEE"
                    }
                ],
                "totalFee": 8800
            },
            "parentId": "11381",
            "avgRatingString": "4.3",
            "totalRatingsString": "1K+",
            "sla": {
                "deliveryTime": 31,
                "lastMileTravel": 6.4,
                "serviceability": "SERVICEABLE",
                "slaString": "31 mins",
                "lastMileTravelString": "6.4 km",
                "iconType": "ICON_TYPE_EMPTY"
            },
            "availability": {
                "nextCloseTime": "2023-10-27 04:00:00",
                "opened": true
            },
            "badges": {
                "textExtendedBadges": [
                    {
                        "iconId": "guiltfree/GF_Logo_android_3x",
                        "shortDescription": "options available",
                        "fontColor": "#7E808C"
                    }
                ]
            },
            "isOpen": true,
            "type": "F",
            "badgesV2": {
                "entityBadges": {
                    "imageBased": {},
                    "textBased": {},
                    "textExtendedBadges": {
                        "badgeObject": [
                            {
                                "attributes": {
                                    "description": "",
                                    "fontColor": "#7E808C",
                                    "iconId": "guiltfree/GF_Logo_android_3x",
                                    "shortDescription": "options available"
                                }
                            }
                        ]
                    }
                }
            },
            "aggregatedDiscountInfoV3": {
                "header": "50% OFF",
                "subHeader": "UPTO ₹100"
            },
            "differentiatedUi": {
                "displayType": "ADS_UI_DISPLAY_TYPE_ENUM_DEFAULT",
                "differentiatedUiMediaDetails": {
                    "mediaType": "ADS_MEDIA_ENUM_IMAGE",
                    "lottie": {},
                    "video": {}
                }
            },
            "reviewsSummary": {},
            "displayType": "RESTAURANT_DISPLAY_TYPE_DEFAULT",
            "restaurantOfferPresentationInfo": {}
        },
        "analytics": {},
        "cta": {
            "link": "https://www.swiggy.com/restaurants/bhookemon-chakkarpur-dlf-phase-4-gurgaon-163756",
            "type": "WEBLINK"
        }
    },
    {
        "info": {
            "id": "619787",
            "name": "Dilli Tiffin",
            "cloudinaryImageId": "68524e741d304fa18c460e43ff5b473e",
            "locality": "Cyber City",
            "areaName": "DLF Phase 3",
            "costForTwo": "₹400 for two",
            "cuisines": [
                "North Indian",
                "Home Food",
                "Thalis"
            ],
            "avgRating": 4,
            "veg": true,
            "feeDetails": {
                "restaurantId": "619787",
                "fees": [
                    {
                        "name": "BASE_TIME"
                    },
                    {
                        "name": "BASE_DISTANCE",
                        "fee": 4400
                    },
                    {
                        "name": "ANCILLARY_SURGE_FEE"
                    }
                ],
                "totalFee": 4400
            },
            "parentId": "409131",
            "avgRatingString": "4.0",
            "totalRatingsString": "1K+",
            "sla": {
                "deliveryTime": 21,
                "lastMileTravel": 1.5,
                "serviceability": "SERVICEABLE",
                "slaString": "21 mins",
                "lastMileTravelString": "1.5 km",
                "iconType": "ICON_TYPE_EMPTY"
            },
            "availability": {
                "nextCloseTime": "2023-10-27 03:45:00",
                "opened": true
            },
            "badges": {
                "imageBadges": [
                    {
                        "imageId": "v1695133679/badges/Pure_Veg111.png",
                        "description": "pureveg"
                    }
                ]
            },
            "isOpen": true,
            "type": "F",
            "badgesV2": {
                "entityBadges": {
                    "imageBased": {
                        "badgeObject": [
                            {
                                "attributes": {
                                    "description": "pureveg",
                                    "imageId": "v1695133679/badges/Pure_Veg111.png"
                                }
                            }
                        ]
                    },
                    "textBased": {},
                    "textExtendedBadges": {}
                }
            },
            "aggregatedDiscountInfoV3": {
                "header": "₹125 OFF",
                "subHeader": "ABOVE ₹249",
                "discountTag": "FLAT DEAL"
            },
            "orderabilityCommunication": {
                "title": {},
                "subTitle": {},
                "message": {},
                "customIcon": {}
            },
            "differentiatedUi": {
                "displayType": "ADS_UI_DISPLAY_TYPE_ENUM_DEFAULT",
                "differentiatedUiMediaDetails": {
                    "mediaType": "ADS_MEDIA_ENUM_IMAGE",
                    "lottie": {},
                    "video": {}
                }
            },
            "reviewsSummary": {},
            "displayType": "RESTAURANT_DISPLAY_TYPE_DEFAULT",
            "restaurantOfferPresentationInfo": {}
        },
        "analytics": {
            "context": "seo-data-8dc17eeb-81f9-4df9-b69f-33e100656392"
        },
        "cta": {
            "link": "https://www.swiggy.com/restaurants/dilli-tiffin-cyber-city-dlf-phase-3-gurgaon-619787",
            "text": "RESTAURANT_MENU",
            "type": "WEBLINK"
        },
        "widgetId": "collectionV5RestaurantListWidget_SimRestoRelevance_food_seo"
    },
    {
        "info": {
            "id": "566114",
            "name": "The Canteen Project",
            "cloudinaryImageId": "qpyggnujftlnvt9yutgq",
            "locality": "DLF City Court Mall",
            "areaName": "Sikandarpur",
            "costForTwo": "₹300 for two",
            "cuisines": [
                "North Indian",
                "Fast Food",
                "Snacks",
                "Chinese",
                "Beverages"
            ],
            "avgRating": 4.3,
            "feeDetails": {
                "restaurantId": "566114",
                "fees": [
                    {
                        "name": "BASE_TIME"
                    },
                    {
                        "name": "BASE_DISTANCE",
                        "fee": 5200
                    },
                    {
                        "name": "ANCILLARY_SURGE_FEE"
                    }
                ],
                "totalFee": 5200
            },
            "parentId": "206407",
            "avgRatingString": "4.3",
            "totalRatingsString": "500+",
            "sla": {
                "deliveryTime": 25,
                "lastMileTravel": 3.9,
                "serviceability": "SERVICEABLE",
                "slaString": "25 mins",
                "lastMileTravelString": "3.9 km",
                "iconType": "ICON_TYPE_EMPTY"
            },
            "availability": {
                "nextCloseTime": "2023-10-27 04:00:00",
                "opened": true
            },
            "badges": {},
            "isOpen": true,
            "type": "F",
            "badgesV2": {
                "entityBadges": {
                    "imageBased": {},
                    "textBased": {},
                    "textExtendedBadges": {}
                }
            },
            "aggregatedDiscountInfoV3": {
                "header": "40% OFF",
                "subHeader": "UPTO ₹80"
            },
            "orderabilityCommunication": {
                "title": {},
                "subTitle": {},
                "message": {},
                "customIcon": {}
            },
            "differentiatedUi": {
                "displayType": "ADS_UI_DISPLAY_TYPE_ENUM_DEFAULT",
                "differentiatedUiMediaDetails": {
                    "mediaType": "ADS_MEDIA_ENUM_IMAGE",
                    "lottie": {},
                    "video": {}
                }
            },
            "reviewsSummary": {},
            "displayType": "RESTAURANT_DISPLAY_TYPE_DEFAULT",
            "restaurantOfferPresentationInfo": {}
        },
        "analytics": {
            "context": "seo-data-8dc17eeb-81f9-4df9-b69f-33e100656392"
        },
        "cta": {
            "link": "https://www.swiggy.com/restaurants/the-canteen-project-dlf-city-court-mall-sikandarpur-gurgaon-566114",
            "text": "RESTAURANT_MENU",
            "type": "WEBLINK"
        },
        "widgetId": "collectionV5RestaurantListWidget_SimRestoRelevance_food_seo"
    },
    {
        "info": {
            "id": "596516",
            "name": "Manshi Rasoi",
            "cloudinaryImageId": "aeut2r1gzvjvz9beqje1",
            "locality": "U Block",
            "areaName": "DLF Phase 3",
            "costForTwo": "₹149 for two",
            "cuisines": [
                "Indian",
                "Chinese",
                "Tandoor"
            ],
            "avgRating": 4.1,
            "feeDetails": {
                "restaurantId": "596516",
                "fees": [
                    {
                        "name": "BASE_TIME"
                    },
                    {
                        "name": "BASE_DISTANCE",
                        "fee": 4400
                    },
                    {
                        "name": "ANCILLARY_SURGE_FEE"
                    }
                ],
                "totalFee": 4400
            },
            "parentId": "356706",
            "avgRatingString": "4.1",
            "totalRatingsString": "1K+",
            "sla": {
                "deliveryTime": 18,
                "lastMileTravel": 0.6,
                "serviceability": "SERVICEABLE",
                "slaString": "18 mins",
                "lastMileTravelString": "0.6 km",
                "iconType": "ICON_TYPE_EMPTY"
            },
            "availability": {
                "nextCloseTime": "2023-11-02 00:00:00",
                "opened": true
            },
            "badges": {},
            "isOpen": true,
            "type": "F",
            "badgesV2": {
                "entityBadges": {
                    "imageBased": {},
                    "textBased": {},
                    "textExtendedBadges": {}
                }
            },
            "aggregatedDiscountInfoV3": {
                "header": "10% OFF",
                "subHeader": "UPTO ₹40"
            },
            "orderabilityCommunication": {
                "title": {},
                "subTitle": {},
                "message": {},
                "customIcon": {}
            },
            "differentiatedUi": {
                "displayType": "ADS_UI_DISPLAY_TYPE_ENUM_DEFAULT",
                "differentiatedUiMediaDetails": {
                    "mediaType": "ADS_MEDIA_ENUM_IMAGE",
                    "lottie": {},
                    "video": {}
                }
            },
            "reviewsSummary": {},
            "displayType": "RESTAURANT_DISPLAY_TYPE_DEFAULT",
            "restaurantOfferPresentationInfo": {}
        },
        "analytics": {
            "context": "seo-data-8dc17eeb-81f9-4df9-b69f-33e100656392"
        },
        "cta": {
            "link": "https://www.swiggy.com/restaurants/manshi-rasoi-u-block-dlf-phase-3-gurgaon-596516",
            "text": "RESTAURANT_MENU",
            "type": "WEBLINK"
        },
        "widgetId": "collectionV5RestaurantListWidget_SimRestoRelevance_food_seo"
    }
]