[
    {
      "id": 11,
      "name": "Dosa",
      "img": "https://pipingpotcurry.com/wp-content/uploads/2020/11/Dosa-recipe-plain-sada-dosa-Piping-Pot-Curry.jpg",
      "category": "food",
      "price": 270,
      "quantity": 0
    },
    {
      "id": 7,
      "name": "idli/Sambhar",
      "img": "https://vaya.in/recipes/wp-content/uploads/2018/02/idli-and-Sambar-1.jpg",
      "category": "food",
      "price": 180,
      "quantity": 0
    },
    {
      "id": 8,
      "name": "Dal Makhni",
      "img": "https://recipes.timesofindia.com/thumb/53097626.cms?width=1200&height=900",
      "category": "food",
      "price": 180,
      "quantity": 0
    },

    {
      "id": 9,
      "name": "Cold Coffee",
      "img": "https://www.vegrecipesofindia.com/wp-content/uploads/2021/04/cold-coffee-recipe-2.jpg",
      "category": "beverages",
      "price": 80,
      "quantity": 0
    },
    {
      "id": 10,
      "name": " Tea",
      "img": "https://static.toiimg.com/photo/83173328.cms",
      "category": "beverages",
      "price": 30,
      "quantity": 0
    },

    {
      "id": 2,
      "name": " Coke",
      "img": "https://5.imimg.com/data5/SELLER/Default/2021/12/MI/CM/OC/26602448/300-ml-coke-original-500x500.jpg",
      "category": "beverages",
      "price": 55,
      "quantity": 0
    },
    {
      "id": 3,
      "name": "Lassi",
      "img": "https://pipingpotcurry.com/wp-content/uploads/2021/05/Lassi-in-a-glass.jpg",
      "category": "beverages",
      "price": 90,
      "quantity": 0
    },
    {
      "id": 12,
      "name": "Milk",
      "img": "https://m.media-amazon.com/images/I/61lzZAgOCzL.jpg",
      "category": "beverages",
      "price": 40,
      "quantity": 0
    },
    {
      "id": 6,
      "name": "Naan",
      "img": "https://static.toiimg.com/thumb/53338316.cms?width=1200&height=900",
      "category": "food",
      "price": 20,
      "quantity": 0
    },
    {
      "id": 13,
      "name": "Paneer Butter Masala",
      "img": "https://encrypted-tbn0.gstatic.com/images?q=tbn:ANd9GcRT5kecc5mebmjSS-CrZAKaa_RUwoFa5NOuwg&usqp=CAU",
      "category": "food",
      "price": 240,
      "quantity": 0
    },
    {
      "id": 14,
      "name": "Gol Gappe",
      "img": "https://static.toiimg.com/photo/75107900.cms",
      "category": "food",
      "price": 60,
      "quantity": 0
    }
  ]